"STATISTIÈNA REGIJA PREBIVALIŠÈA"	"SPOL"	"2009 SLOVENIJA [delo]"	"2009 Pomurska [delo]"	"2009 Podravska [delo]"	"2009 Koroška [delo]"	"2009 Savinjska [delo]"	"2009 Zasavska [delo]"	"2009 Posavska [delo]"	"2009 Jugovzhodna Slovenija [delo]"	"2009 Osrednjeslovenska [delo]"	"2009 Gorenjska [delo]"	"2009 Primorsko-notranjska [delo]"	"2009 Goriška [delo]"	"2009 Obalno-kraška [delo]"	"2010 SLOVENIJA [delo]"	"2010 Pomurska [delo]"	"2010 Podravska [delo]"	"2010 Koroška [delo]"	"2010 Savinjska [delo]"	"2010 Zasavska [delo]"	"2010 Posavska [delo]"	"2010 Jugovzhodna Slovenija [delo]"	"2010 Osrednjeslovenska [delo]"	"2010 Gorenjska [delo]"	"2010 Primorsko-notranjska [delo]"	"2010 Goriška [delo]"	"2010 Obalno-kraška [delo]"	"2011 SLOVENIJA [delo]"	"2011 Pomurska [delo]"	"2011 Podravska [delo]"	"2011 Koroška [delo]"	"2011 Savinjska [delo]"	"2011 Zasavska [delo]"	"2011 Posavska [delo]"	"2011 Jugovzhodna Slovenija [delo]"	"2011 Osrednjeslovenska [delo]"	"2011 Gorenjska [delo]"	"2011 Primorsko-notranjska [delo]"	"2011 Goriška [delo]"	"2011 Obalno-kraška [delo]"	"2012 SLOVENIJA [delo]"	"2012 Pomurska [delo]"	"2012 Podravska [delo]"	"2012 Koroška [delo]"	"2012 Savinjska [delo]"	"2012 Zasavska [delo]"	"2012 Posavska [delo]"	"2012 Jugovzhodna Slovenija [delo]"	"2012 Osrednjeslovenska [delo]"	"2012 Gorenjska [delo]"	"2012 Primorsko-notranjska [delo]"	"2012 Goriška [delo]"	"2012 Obalno-kraška [delo]"	"2013 SLOVENIJA [delo]"	"2013 Pomurska [delo]"	"2013 Podravska [delo]"	"2013 Koroška [delo]"	"2013 Savinjska [delo]"	"2013 Zasavska [delo]"	"2013 Posavska [delo]"	"2013 Jugovzhodna Slovenija [delo]"	"2013 Osrednjeslovenska [delo]"	"2013 Gorenjska [delo]"	"2013 Primorsko-notranjska [delo]"	"2013 Goriška [delo]"	"2013 Obalno-kraška [delo]"	"2014 SLOVENIJA [delo]"	"2014 Pomurska [delo]"	"2014 Podravska [delo]"	"2014 Koroška [delo]"	"2014 Savinjska [delo]"	"2014 Zasavska [delo]"	"2014 Posavska [delo]"	"2014 Jugovzhodna Slovenija [delo]"	"2014 Osrednjeslovenska [delo]"	"2014 Gorenjska [delo]"	"2014 Primorsko-notranjska [delo]"	"2014 Goriška [delo]"	"2014 Obalno-kraška [delo]"	"2015 SLOVENIJA [delo]"	"2015 Pomurska [delo]"	"2015 Podravska [delo]"	"2015 Koroška [delo]"	"2015 Savinjska [delo]"	"2015 Zasavska [delo]"	"2015 Posavska [delo]"	"2015 Jugovzhodna Slovenija [delo]"	"2015 Osrednjeslovenska [delo]"	"2015 Gorenjska [delo]"	"2015 Primorsko-notranjska [delo]"	"2015 Goriška [delo]"	"2015 Obalno-kraška [delo]"	"2016 SLOVENIJA [delo]"	"2016 Pomurska [delo]"	"2016 Podravska [delo]"	"2016 Koroška [delo]"	"2016 Savinjska [delo]"	"2016 Zasavska [delo]"	"2016 Posavska [delo]"	"2016 Jugovzhodna Slovenija [delo]"	"2016 Osrednjeslovenska [delo]"	"2016 Gorenjska [delo]"	"2016 Primorsko-notranjska [delo]"	"2016 Goriška [delo]"	"2016 Obalno-kraška [delo]"	"2017 SLOVENIJA [delo]"	"2017 Pomurska [delo]"	"2017 Podravska [delo]"	"2017 Koroška [delo]"	"2017 Savinjska [delo]"	"2017 Zasavska [delo]"	"2017 Posavska [delo]"	"2017 Jugovzhodna Slovenija [delo]"	"2017 Osrednjeslovenska [delo]"	"2017 Gorenjska [delo]"	"2017 Primorsko-notranjska [delo]"	"2017 Goriška [delo]"	"2017 Obalno-kraška [delo]"	"2018 SLOVENIJA [delo]"	"2018 Pomurska [delo]"	"2018 Podravska [delo]"	"2018 Koroška [delo]"	"2018 Savinjska [delo]"	"2018 Zasavska [delo]"	"2018 Posavska [delo]"	"2018 Jugovzhodna Slovenija [delo]"	"2018 Osrednjeslovenska [delo]"	"2018 Gorenjska [delo]"	"2018 Primorsko-notranjska [delo]"	"2018 Goriška [delo]"	"2018 Obalno-kraška [delo]"	"2019 SLOVENIJA [delo]"	"2019 Pomurska [delo]"	"2019 Podravska [delo]"	"2019 Koroška [delo]"	"2019 Savinjska [delo]"	"2019 Zasavska [delo]"	"2019 Posavska [delo]"	"2019 Jugovzhodna Slovenija [delo]"	"2019 Osrednjeslovenska [delo]"	"2019 Gorenjska [delo]"	"2019 Primorsko-notranjska [delo]"	"2019 Goriška [delo]"	"2019 Obalno-kraška [delo]"	"2020 SLOVENIJA [delo]"	"2020 Pomurska [delo]"	"2020 Podravska [delo]"	"2020 Koroška [delo]"	"2020 Savinjska [delo]"	"2020 Zasavska [delo]"	"2020 Posavska [delo]"	"2020 Jugovzhodna Slovenija [delo]"	"2020 Osrednjeslovenska [delo]"	"2020 Gorenjska [delo]"	"2020 Primorsko-notranjska [delo]"	"2020 Goriška [delo]"	"2020 Obalno-kraška [delo]"
"SLOVENIJA [prebivališèe]"	"Spol - SKUPAJ"	812315	34498	116152	24051	100792	12179	22034	51073	273390	69162	17548	45300	46136	790967	34425	114063	22614	96303	11725	21135	49443	267710	67728	16784	43850	45187	784177	34495	110908	23060	95193	11545	20627	48316	270354	67024	15461	43149	44045	760170	33670	106734	22568	92124	10774	19852	47193	264779	64901	15227	41118	41230	757639	32846	106720	22129	92190	10536	19706	47088	264359	65261	15067	40962	40775	769831	32426	108593	22504	92766	10390	19950	47902	270635	66298	15417	41602	41348	781820	32572	110304	22248	92859	13362	21266	49179	271983	67505	15470	41839	43233	806765	33396	112687	22804	95954	13348	22062	51173	281866	69590	15796	43503	44586	835916	33955	115694	23669	98770	13636	23063	53833	293767	72665	15771	45167	45926	864381	34773	120263	24190	101870	13890	23518	55872	306120	75872	16243	44798	46972	881861	35601	123401	24313	104003	14036	24011	56852	312625	76705	16392	46289	47633	869877	35329	120942	23874	101946	13889	23938	55195	313238	74799	16011	45268	45448
"SLOVENIJA [prebivališèe]"	"Moški"	452251	19068	63701	13034	57610	6557	12462	29208	150105	38642	9931	25513	26420	435835	18651	62063	12771	53890	6216	11615	28226	145315	37647	9343	24479	25619	428643	18635	58887	13070	52824	6108	11302	27478	146513	36958	8449	23740	24679	412323	17978	56296	12679	50848	5615	10734	26473	142441	35822	8331	22356	22750	410816	17699	56338	12362	51094	5445	10648	26419	141698	36079	8284	22315	22435	418533	17576	57837	12618	51639	5299	10750	26959	144937	36857	8520	22708	22833	424626	17611	58748	12355	51693	6903	11425	27611	145180	37642	8522	22946	23990	437043	17933	59730	12620	53263	6791	11884	28803	149971	38848	8673	23812	24715	453175	18114	61369	12952	54758	6969	12519	30479	156183	40866	8687	24930	25349	471756	18492	64672	13199	56658	7083	12850	31578	164514	43202	8935	24629	25944	483303	19197	67180	13298	58191	7231	13125	32210	167710	44033	9031	25629	26468	477104	19003	66817	12890	57369	7240	13222	30961	167621	42825	8820	25076	25260
"SLOVENIJA [prebivališèe]"	"Ženske"	360064	15430	52451	11017	43182	5622	9572	21865	123285	30520	7617	19787	19716	355132	15774	52000	9843	42413	5509	9520	21217	122395	30081	7441	19371	19568	355534	15860	52021	9990	42369	5437	9325	20838	123841	30066	7012	19409	19366	347847	15692	50438	9889	41276	5159	9118	20720	122338	29079	6896	18762	18480	346823	15147	50382	9767	41096	5091	9058	20669	122661	29182	6783	18647	18340	351298	14850	50756	9886	41127	5091	9200	20943	125698	29441	6897	18894	18515	357194	14961	51556	9893	41166	6459	9841	21568	126803	29863	6948	18893	19243	369722	15463	52957	10184	42691	6557	10178	22370	131895	30742	7123	19691	19871	382741	15841	54325	10717	44012	6667	10544	23354	137584	31799	7084	20237	20577	392625	16281	55591	10991	45212	6807	10668	24294	141606	32670	7308	20169	21028	398558	16404	56221	11015	45812	6805	10886	24642	144915	32672	7361	20660	21165	392773	16326	54125	10984	44577	6649	10716	24234	145617	31974	7191	20192	20188
"Pomurska [prebivališèe]"	"Spol - SKUPAJ"	38426	32257	3018	25	270	13	27	50	2458	100	23	55	130	38491	32223	3147	25	251	9	35	50	2458	83	21	44	145	38373	32037	3084	22	244	13	16	47	2584	120	20	47	139	37239	31085	2926	19	272	9	21	41	2561	108	50	56	91	36402	30147	2940	34	303	9	16	29	2654	89	39	56	86	36054	29643	3014	28	311	8	23	28	2747	87	34	45	86	36446	29720	3335	37	355	16	27	42	2685	74	31	36	88	37395	30423	3407	42	422	10	25	35	2796	85	27	40	83	38043	30761	3509	41	412	21	23	42	2990	96	21	44	83	38856	31241	3701	39	433	22	24	44	3117	93	20	51	71	39140	31482	3637	47	441	19	21	46	3213	96	20	51	67	38976	30928	3626	58	486	23	26	58	3530	97	27	62	55
"Pomurska [prebivališèe]"	"Moški"	21495	17602	1832	14	185	6	24	42	1584	64	19	31	92	21083	17262	1819	14	175	6	22	41	1563	52	18	25	86	20937	17068	1747	17	159	8	10	36	1699	70	17	27	79	20038	16295	1633	11	172	4	12	29	1683	69	39	36	55	19654	15907	1641	16	206	4	8	19	1677	60	31	33	52	19666	15738	1786	15	220	3	10	17	1730	54	26	24	43	19667	15732	1853	19	224	9	11	31	1647	53	23	20	45	20055	16002	1868	21	264	5	11	22	1726	58	20	19	39	20223	16036	1907	13	259	10	13	27	1810	62	18	23	45	20507	16171	2045	17	264	10	13	32	1813	61	17	30	34	20787	16439	1999	21	271	10	13	31	1858	59	15	33	38	20676	16101	2038	28	290	13	18	35	2004	57	20	44	28
"Pomurska [prebivališèe]"	"Ženske"	16931	14655	1186	11	85	7	3	8	874	36	4	24	38	17408	14961	1328	11	76	3	13	9	895	31	3	19	59	17436	14969	1337	5	85	5	6	11	885	50	3	20	60	17201	14790	1293	8	100	5	9	12	878	39	11	20	36	16748	14240	1299	18	97	5	8	10	977	29	8	23	34	16388	13905	1228	13	91	5	13	11	1017	33	8	21	43	16779	13988	1482	18	131	7	16	11	1038	21	8	16	43	17340	14421	1539	21	158	5	14	13	1070	27	7	21	44	17820	14725	1602	28	153	11	10	15	1180	34	3	21	38	18349	15070	1656	22	169	12	11	12	1304	32	3	21	37	18353	15043	1638	26	170	9	8	15	1355	37	5	18	29	18300	14827	1588	30	196	10	8	23	1526	40	7	18	27
"Podravska [prebivališèe]"	"Spol - SKUPAJ"	119394	1552	104710	415	4226	66	278	187	6725	407	108	154	566	116298	1508	101883	426	4137	70	277	185	6537	413	106	140	616	114241	1587	98424	428	4189	103	175	198	7857	368	112	153	647	110769	1621	95071	446	4217	84	143	187	7738	391	114	237	520	111023	1701	94887	424	4276	85	148	185	8102	410	116	236	453	112811	1743	96349	451	4470	99	170	175	8180	367	86	236	485	114288	1926	97092	448	4672	73	183	160	8082	350	78	137	1087	116433	2005	98497	481	4915	80	184	195	8575	354	59	154	934	119900	2095	101200	520	5034	94	186	172	9200	366	66	176	791	124400	2228	104498	520	5222	100	205	187	9960	427	60	169	824	127414	2562	106802	525	5353	132	240	203	10178	432	60	173	754	124899	2752	103661	551	5495	105	225	192	10568	396	65	214	675
"Podravska [prebivališèe]"	"Moški"	66364	989	56887	255	2661	46	229	136	4359	227	77	96	402	63903	919	54836	275	2525	46	211	141	4108	231	73	88	450	61989	989	51801	270	2510	81	136	144	5213	203	78	96	468	59670	1011	49713	286	2533	61	101	134	5030	233	81	137	350	59858	1084	49610	267	2583	60	108	133	5228	262	86	137	300	61228	1114	50869	294	2696	70	121	123	5170	226	69	142	334	62159	1230	51269	275	2838	43	121	115	5086	217	64	91	810	62995	1243	51665	296	3001	47	120	138	5438	223	48	104	672	64595	1285	53137	322	2982	61	135	123	5602	240	52	119	537	67520	1354	55358	321	3044	68	144	135	6074	286	46	111	579	69697	1582	57123	318	3112	93	175	132	6180	297	51	118	516	68778	1656	55996	333	3202	64	165	139	6282	263	46	154	478
"Podravska [prebivališèe]"	"Ženske"	53030	563	47823	160	1565	20	49	51	2366	180	31	58	164	52395	589	47047	151	1612	24	66	44	2429	182	33	52	166	52252	598	46623	158	1679	22	39	54	2644	165	34	57	179	51099	610	45358	160	1684	23	42	53	2708	158	33	100	170	51165	617	45277	157	1693	25	40	52	2874	148	30	99	153	51583	629	45480	157	1774	29	49	52	3010	141	17	94	151	52129	696	45823	173	1834	30	62	45	2996	133	14	46	277	53438	762	46832	185	1914	33	64	57	3137	131	11	50	262	55305	810	48063	198	2052	33	51	49	3598	126	14	57	254	56880	874	49140	199	2178	32	61	52	3886	141	14	58	245	57717	980	49679	207	2241	39	65	71	3998	135	9	55	238	56121	1096	47665	218	2293	41	60	53	4286	133	19	60	197
"Koroška [prebivališèe]"	"Spol - SKUPAJ"	27466	20	1273	22686	1749	12	14	92	1431	44	15	29	101	26348	26	1542	21297	1710	21	20	89	1423	52	16	37	115	26718	30	1534	21636	1816	13	16	31	1431	46	9	43	113	25826	37	1288	21100	1791	10	16	23	1405	38	10	31	77	25444	29	1274	20691	1847	12	15	21	1398	46	10	27	74	25768	34	1228	20981	1901	9	16	26	1420	54	10	25	64	25829	40	1292	20650	1917	10	14	26	1409	49	6	23	393	26313	48	1311	21030	1965	15	15	41	1443	59	3	21	362	27025	58	1204	21799	1990	14	22	35	1507	55	2	23	316	27602	51	1201	22207	1997	14	19	39	1702	54	4	20	294	27694	45	1283	22252	1953	12	22	43	1683	66	5	21	309	27329	51	1307	21687	1919	12	24	50	1904	69	5	15	286
"Koroška [prebivališèe]"	"Moški"	15194	10	806	12307	1042	7	10	49	826	24	14	21	78	14937	15	814	12030	1025	12	15	47	821	32	14	24	88	15075	16	742	12222	1052	9	14	25	852	29	5	30	79	14558	26	683	11827	1073	6	10	18	814	27	3	17	54	14289	19	703	11521	1108	6	11	16	806	27	5	16	51	14408	22	663	11727	1105	3	11	23	767	31	4	13	39	14351	27	675	11433	1123	6	9	19	769	33	5	9	243	14527	34	686	11593	1103	7	10	32	799	33	3	9	218	14822	40	697	11884	1091	6	10	29	827	37	2	8	191	15159	39	687	12073	1102	6	11	33	976	35	3	9	185	15245	29	746	12118	1070	6	16	37	975	46	5	11	186	14868	33	785	11663	1040	5	16	40	1058	46	4	9	169
"Koroška [prebivališèe]"	"Ženske"	12272	10	467	10379	707	5	4	43	605	20	1	8	23	11411	11	728	9267	685	9	5	42	602	20	2	13	27	11643	14	792	9414	764	4	2	6	579	17	4	13	34	11268	11	605	9273	718	4	6	5	591	11	7	14	23	11155	10	571	9170	739	6	4	5	592	19	5	11	23	11360	12	565	9254	796	6	5	3	653	23	6	12	25	11478	13	617	9217	794	4	5	7	640	16	1	14	150	11786	14	625	9437	862	8	5	9	644	26	0	12	144	12203	18	507	9915	899	8	12	6	680	18	0	15	125	12443	12	514	10134	895	8	8	6	726	19	1	11	109	12449	16	537	10134	883	6	6	6	708	20	0	10	123	12461	18	522	10024	879	7	8	10	846	23	1	6	117
"Savinjska [prebivališèe]"	"Spol - SKUPAJ"	102091	68	2482	547	88697	549	829	237	7613	368	108	143	450	98602	82	2734	503	84785	557	824	245	7837	368	97	141	429	98517	127	2842	540	83592	567	814	232	8744	378	73	193	415	95565	139	2736	566	80643	549	796	248	8864	404	77	203	340	95535	148	2884	573	80520	529	792	220	8903	408	74	188	296	96281	196	2882	611	80667	540	831	233	9265	510	83	150	313	95564	182	3030	657	80085	487	748	232	9129	464	71	137	342	99085	202	3531	721	82310	477	848	301	9643	455	85	172	340	103114	211	3801	780	84773	500	904	268	10743	478	83	233	340	106743	251	4181	834	87179	517	901	351	11333	497	79	235	385	108779	271	4404	877	88410	497	951	345	11790	518	78	204	434	106960	273	4436	897	85590	609	919	307	12760	533	82	195	359
"Savinjska [prebivališèe]"	"Moški"	57208	37	1337	236	49540	332	523	165	4367	223	65	87	296	54523	46	1471	259	46574	318	476	188	4532	231	62	83	283	54301	71	1495	301	45560	329	455	174	5216	244	45	139	272	52429	86	1553	309	43588	303	437	186	5283	262	49	146	227	52500	93	1692	326	43675	282	442	160	5180	276	49	128	197	53062	126	1611	351	44020	287	474	164	5318	348	60	92	211	52520	118	1679	373	43706	275	409	160	5129	327	46	81	217	54428	125	2043	407	44826	248	473	221	5372	323	54	107	229	56722	131	2206	452	46209	262	513	195	5955	342	62	165	230	59202	166	2527	471	47614	276	497	264	6540	354	62	175	256	60528	190	2721	498	48506	253	518	259	6707	384	61	138	293	59340	180	2723	475	47055	328	498	226	7035	386	63	129	242
"Savinjska [prebivališèe]"	"Ženske"	44883	31	1145	311	39157	217	306	72	3246	145	43	56	154	44079	36	1263	244	38211	239	348	57	3305	137	35	58	146	44216	56	1347	239	38032	238	359	58	3528	134	28	54	143	43136	53	1183	257	37055	246	359	62	3581	142	28	57	113	43035	55	1192	247	36845	247	350	60	3723	132	25	60	99	43219	70	1271	260	36647	253	357	69	3947	162	23	58	102	43044	64	1351	284	36379	212	339	72	4000	137	25	56	125	44657	77	1488	314	37484	229	375	80	4271	132	31	65	111	46392	80	1595	328	38564	238	391	73	4788	136	21	68	110	47541	85	1654	363	39565	241	404	87	4793	143	17	60	129	48251	81	1683	379	39904	244	433	86	5083	134	17	66	141	47620	93	1713	422	38535	281	421	81	5725	147	19	66	117
"Zasavska [prebivališèe]"	"Spol - SKUPAJ"	17079	6	111	21	825	10468	180	87	5182	85	11	28	75	16550	12	148	16	836	9940	143	84	5189	98	8	23	53	16190	20	153	18	850	9640	99	92	5155	87	11	21	44	15469	19	118	17	828	9144	83	67	5015	100	22	25	31	15185	19	128	22	833	8909	81	73	4939	106	20	26	29	15326	20	129	14	839	8794	95	87	5154	101	22	37	34	21347	24	190	18	877	10958	182	282	8479	198	38	47	54	21941	26	191	18	941	10915	192	324	8884	241	51	97	61	22795	26	197	21	1117	11046	209	336	9308	282	75	111	67	23457	28	222	23	1232	11249	224	362	9605	285	75	67	85	23790	26	252	18	1290	11294	250	377	9753	301	75	69	85	23234	32	268	23	1260	10891	266	343	9665	269	75	66	76
"Zasavska [prebivališèe]"	"Moški"	9326	1	64	6	509	5548	122	67	2870	65	6	14	54	8847	4	91	4	494	5202	94	69	2768	67	5	11	38	8608	6	85	7	521	5018	53	70	2740	65	8	9	26	8106	5	68	7	495	4675	37	52	2646	74	14	13	20	7969	6	86	12	494	4536	35	58	2621	76	8	14	23	7986	6	83	8	507	4401	47	71	2729	81	12	17	24	11292	9	127	8	530	5520	104	184	4567	155	27	29	32	11520	13	125	8	571	5433	110	208	4715	187	40	74	36	11985	10	117	10	678	5533	120	215	4903	214	61	83	41	12424	11	138	12	774	5597	132	230	5140	225	59	49	57	12692	11	156	9	817	5677	155	238	5230	236	58	50	55	12429	15	184	9	727	5532	171	220	5212	203	61	50	45
"Zasavska [prebivališèe]"	"Ženske"	7753	5	47	15	316	4920	58	20	2312	20	5	14	21	7703	8	57	12	342	4738	49	15	2421	31	3	12	15	7582	14	68	11	329	4622	46	22	2415	22	3	12	18	7363	14	50	10	333	4469	46	15	2369	26	8	12	11	7216	13	42	10	339	4373	46	15	2318	30	12	12	6	7340	14	46	6	332	4393	48	16	2425	20	10	20	10	10055	15	63	10	347	5438	78	98	3912	43	11	18	22	10421	13	66	10	370	5482	82	116	4169	54	11	23	25	10810	16	80	11	439	5513	89	121	4405	68	14	28	26	11033	17	84	11	458	5652	92	132	4465	60	16	18	28	11098	15	96	9	473	5617	95	139	4523	65	17	19	30	10805	17	84	14	533	5359	95	123	4453	66	14	16	31
"Posavska [prebivališèe]"	"Spol - SKUPAJ"	26688	6	355	19	979	113	19410	2853	2689	106	16	54	88	25850	9	325	16	901	108	18509	2940	2799	99	15	42	87	25536	7	341	24	702	131	18108	2864	3041	80	12	91	135	24842	10	378	17	650	121	17550	2853	2962	87	35	86	93	24759	12	382	13	656	124	17291	2912	3081	102	37	74	75	25237	5	385	17	674	122	17364	3061	3303	112	37	73	84	27717	6	449	17	1071	261	18621	3383	3561	133	42	86	87	28636	7	472	21	1227	259	19068	3679	3525	153	42	93	90	29702	13	433	24	1186	264	19700	3858	3814	172	40	110	88	30553	16	449	24	1205	258	20112	4070	3973	194	39	115	98	31173	20	518	30	1212	248	20358	4183	4137	188	46	127	106	30519	17	447	30	1175	250	19838	4134	4228	170	44	107	79
"Posavska [prebivališèe]"	"Moški"	15385	3	228	11	688	73	10720	1705	1785	65	14	29	64	14730	6	236	6	624	65	9975	1762	1894	67	15	22	58	14507	4	244	14	413	77	9765	1710	2081	46	12	76	65	14075	6	265	8	409	74	9414	1656	2040	52	26	68	57	14061	8	268	7	413	73	9277	1710	2102	70	27	61	45	14306	3	271	11	418	75	9248	1820	2245	71	25	62	57	15705	5	334	11	626	139	9915	2037	2393	83	29	74	59	16098	5	326	14	719	140	10123	2210	2299	98	29	76	59	16665	11	299	13	697	143	10496	2279	2432	116	28	89	62	17258	13	316	15	711	137	10809	2359	2576	131	29	95	67	17561	17	388	18	701	128	10898	2415	2655	128	34	105	74	17075	14	309	16	681	120	10644	2348	2664	102	31	94	52
"Posavska [prebivališèe]"	"Ženske"	11303	3	127	8	291	40	8690	1148	904	41	2	25	24	11120	3	89	10	277	43	8534	1178	905	32	0	20	29	11029	3	97	10	289	54	8343	1154	960	34	0	15	70	10767	4	113	9	241	47	8136	1197	922	35	9	18	36	10698	4	114	6	243	51	8014	1202	979	32	10	13	30	10931	2	114	6	256	47	8116	1241	1058	41	12	11	27	12012	1	115	6	445	122	8706	1346	1168	50	13	12	28	12538	2	146	7	508	119	8945	1469	1226	55	13	17	31	13037	2	134	11	489	121	9204	1579	1382	56	12	21	26	13295	3	133	9	494	121	9303	1711	1397	63	10	20	31	13612	3	130	12	511	120	9460	1768	1482	60	12	22	32	13444	3	138	14	494	130	9194	1786	1564	68	13	13	27
"Jugovzhodna Slovenija [prebivališèe]"	"Spol - SKUPAJ"	56887	45	349	22	301	38	638	44724	9792	239	355	159	225	55670	50	342	20	287	35	639	43062	9711	804	345	137	238	54988	47	371	36	278	32	658	42007	10061	770	326	148	254	53279	71	336	41	259	27	645	40940	10068	248	292	115	237	53099	53	353	34	272	27	683	40879	9896	270	285	106	241	54677	44	422	28	265	27	741	41345	10861	308	276	115	245	55148	26	431	32	278	99	762	42044	10526	308	279	115	248	57278	22	622	47	299	78	831	43371	10963	336	287	162	260	60072	25	443	36	300	78	955	45391	11736	331	277	212	288	61879	27	467	32	292	88	937	46855	12105	346	272	177	281	62478	34	503	32	336	95	968	47094	12362	351	257	167	279	61304	34	527	40	327	117	1101	45455	12605	377	270	170	281
"Jugovzhodna Slovenija [prebivališèe]"	"Moški"	32368	23	168	15	229	22	369	25167	5811	151	178	76	159	31371	27	200	13	209	22	340	24147	5631	391	164	68	159	30856	30	213	29	197	20	345	23456	5773	382	159	77	175	29744	52	175	34	188	16	335	22549	5841	160	150	78	166	29648	38	173	27	211	15	350	22563	5711	183	142	68	167	30726	30	201	22	194	15	397	22852	6408	213	146	75	173	30799	18	208	26	200	70	402	23153	6112	209	145	78	178	31890	16	292	36	222	50	449	23908	6248	219	150	111	189	33600	18	201	22	221	48	526	25136	6701	216	152	142	217	34658	20	230	19	219	53	514	25999	6908	232	144	113	207	34963	25	260	19	256	61	525	26102	7016	239	134	109	217	34013	25	298	22	253	77	619	24875	7099	262	140	122	221
"Jugovzhodna Slovenija [prebivališèe]"	"Ženske"	24519	22	181	7	72	16	269	19557	3981	88	177	83	66	24299	23	142	7	78	13	299	18915	4080	413	181	69	79	24132	17	158	7	81	12	313	18551	4288	388	167	71	79	23535	19	161	7	71	11	310	18391	4227	88	142	37	71	23451	15	180	7	61	12	333	18316	4185	87	143	38	74	23951	14	221	6	71	12	344	18493	4453	95	130	40	72	24349	8	223	6	78	29	360	18891	4414	99	134	37	70	25388	6	330	11	77	28	382	19463	4715	117	137	51	71	26472	7	242	14	79	30	429	20255	5035	115	125	70	71	27221	7	237	13	73	35	423	20856	5197	114	128	64	74	27515	9	243	13	80	34	443	20992	5346	112	123	58	62	27291	9	229	18	74	40	482	20580	5506	115	130	48	60
"Osrednjeslovenska [prebivališèe]"	"Spol - SKUPAJ"	221266	173	1520	179	1908	698	271	1861	206186	5254	994	1023	1199	215557	147	1581	197	1569	730	298	1844	200529	5426	899	1040	1297	214710	208	1901	224	1625	776	331	1912	198998	5592	718	1077	1348	210040	225	1800	239	1689	654	326	1997	194317	5759	809	1068	1157	209881	266	1800	215	1746	673	382	1986	193687	6019	791	1071	1245	214257	331	1969	226	1860	646	434	2149	197025	6281	826	1202	1308	213087	298	2096	247	1815	1284	448	2204	194767	6490	843	1210	1385	220989	284	2214	278	1938	1334	561	2368	201248	6955	870	1367	1572	229508	305	2276	289	2005	1425	605	2763	208237	7637	831	1486	1649	238085	323	2439	318	2225	1445	616	2868	215302	8441	844	1508	1756	244462	443	2551	318	2526	1535	651	3205	220437	8533	857	1582	1824	238468	427	2600	312	2560	1585	740	3101	214713	8395	862	1579	1594
"Osrednjeslovenska [prebivališèe]"	"Moški"	119557	109	829	97	1362	407	153	1206	110229	3107	623	718	717	115197	88	925	107	921	414	174	1199	106149	3180	528	740	772	113762	135	1054	140	990	431	205	1226	104327	3299	392	730	833	110622	145	904	130	1048	396	201	1290	101245	3455	444	704	660	110209	170	931	113	1084	389	222	1235	100597	3616	446	700	706	112716	202	1057	111	1138	370	257	1351	102445	3822	461	780	722	112052	180	1171	133	1109	730	268	1364	101129	3957	471	767	773	116327	180	1225	151	1185	752	349	1464	104480	4247	503	870	921	121370	196	1228	156	1229	791	376	1787	108457	4735	488	927	1000	127002	204	1348	170	1425	811	388	1758	113019	5360	477	961	1081	130807	293	1453	175	1608	874	417	1995	115862	5493	486	998	1153	127549	295	1523	178	1637	912	475	1935	112659	5369	499	1003	1064
"Osrednjeslovenska [prebivališèe]"	"Ženske"	101709	64	691	82	546	291	118	655	95957	2147	371	305	482	100360	59	656	90	648	316	124	645	94380	2246	371	300	525	100948	73	847	84	635	345	126	686	94671	2293	326	347	515	99418	80	896	109	641	258	125	707	93072	2304	365	364	497	99672	96	869	102	662	284	160	751	93090	2403	345	371	539	101541	129	912	115	722	276	177	798	94580	2459	365	422	586	101035	118	925	114	706	554	180	840	93638	2533	372	443	612	104662	104	989	127	753	582	212	904	96768	2708	367	497	651	108138	109	1048	133	776	634	229	976	99780	2902	343	559	649	111083	119	1091	148	800	634	228	1110	102283	3081	367	547	675	113655	150	1098	143	918	661	234	1210	104575	3040	371	584	671	110919	132	1077	134	923	673	265	1166	102054	3026	363	576	530
"Gorenjska [prebivališèe]"	"Spol - SKUPAJ"	81668	36	476	31	373	72	42	190	17910	61310	61	806	361	79797	29	449	34	387	79	43	187	18119	59209	59	818	384	79607	80	533	47	351	88	40	203	18425	58606	56	783	395	77660	128	508	40	371	59	30	208	18322	56854	51	783	306	77766	142	503	41	379	58	59	189	18280	56950	76	770	319	79001	88	551	46	387	52	49	196	18881	57577	61	791	322	80397	41	563	49	428	64	48	183	19290	58558	63	785	325	82957	38	547	63	514	79	56	230	20159	60017	71	804	379	85830	40	582	59	463	84	53	252	20709	62224	76	862	426	88346	53	604	75	435	72	61	252	21352	64415	79	590	358	89598	71	685	74	489	93	49	276	21711	65073	89	638	350	89517	79	719	86	563	149	90	371	23428	62953	98	657	324
"Gorenjska [prebivališèe]"	"Moški"	44939	17	235	15	252	33	25	123	9714	33829	34	468	194	43704	18	246	14	245	38	25	119	9677	32618	33	479	192	43213	52	299	21	226	46	21	131	9715	32007	30	452	213	41909	97	256	20	250	36	19	132	9526	30930	31	450	162	41914	114	236	22	266	35	29	116	9479	30964	49	437	167	42562	69	251	26	262	32	26	124	9692	31426	39	449	166	43244	28	256	27	276	41	25	132	9762	32034	40	445	178	44424	30	264	36	287	48	35	158	10004	32850	46	446	220	46026	30	286	30	263	46	30	173	10122	34251	44	489	262	47751	42	315	42	265	42	32	168	10529	35784	49	287	196	48659	50	362	41	303	62	28	185	10666	36405	57	319	181	48487	45	410	50	374	89	45	234	11603	35061	65	336	175
"Gorenjska [prebivališèe]"	"Ženske"	36729	19	241	16	121	39	17	67	8196	27481	27	338	167	36093	11	203	20	142	41	18	68	8442	26591	26	339	192	36394	28	234	26	125	42	19	72	8710	26599	26	331	182	35751	31	252	20	121	23	11	76	8796	25924	20	333	144	35852	28	267	19	113	23	30	73	8801	25986	27	333	152	36439	19	300	20	125	20	23	72	9189	26151	22	342	156	37153	13	307	22	152	23	23	51	9528	26524	23	340	147	38533	8	283	27	227	31	21	72	10155	27167	25	358	159	39804	10	296	29	200	38	23	79	10587	27973	32	373	164	40595	11	289	33	170	30	29	84	10823	28631	30	303	162	40939	21	323	33	186	31	21	91	11045	28668	32	319	169	41030	34	309	36	189	60	45	137	11825	27892	33	321	149
"Primorsko-notranjska [prebivališèe]"	"Spol - SKUPAJ"	22075	2	120	5	240	56	15	137	4434	105	14691	424	1846	21444	6	100	5	250	57	16	128	4394	152	14041	459	1836	21006	14	125	5	322	38	12	117	4909	107	13100	469	1788	20202	11	127	5	292	8	9	124	4709	125	12758	366	1668	20112	16	114	4	250	6	17	118	4681	101	12663	385	1757	20511	10	122	7	271	9	23	136	4746	96	12906	387	1798	20726	8	151	6	278	20	18	142	4841	101	12917	417	1827	21254	7	147	9	278	16	49	141	4951	107	13137	493	1919	21738	9	151	11	269	14	160	167	5156	124	13135	592	1950	22434	8	148	14	273	19	146	178	5389	126	13529	643	1961	22946	15	176	16	281	21	149	211	5560	131	13639	681	2066	22515	15	188	14	283	16	168	230	5664	131	13154	698	1954
"Primorsko-notranjska [prebivališèe]"	"Moški"	12656	1	59	2	185	35	9	96	2446	72	8207	317	1227	12149	3	60	2	191	36	11	82	2396	91	7732	335	1210	11908	8	76	2	257	22	7	70	2791	72	7118	338	1147	11333	8	81	2	233	3	5	78	2633	75	6925	238	1052	11351	11	68	2	199	3	9	75	2648	62	6928	234	1112	11572	7	68	3	217	5	17	89	2631	65	7089	244	1137	11660	8	79	4	217	13	8	84	2700	68	7071	257	1151	11926	7	81	6	201	10	34	98	2769	75	7144	303	1198	12146	8	83	4	194	11	116	115	2902	80	7115	334	1184	12567	8	84	4	202	14	103	123	3062	91	7350	355	1171	12919	13	101	6	209	14	106	154	3148	91	7432	392	1253	12674	13	109	4	211	11	121	163	3186	98	7154	409	1195
"Primorsko-notranjska [prebivališèe]"	"Ženske"	9419	1	61	3	55	21	6	41	1988	33	6484	107	619	9295	3	40	3	59	21	5	46	1998	61	6309	124	626	9098	6	49	3	65	16	5	47	2118	35	5982	131	641	8869	3	46	3	59	5	4	46	2076	50	5833	128	616	8761	5	46	2	51	3	8	43	2033	39	5735	151	645	8939	3	54	4	54	4	6	47	2115	31	5817	143	661	9066	0	72	2	61	7	10	58	2141	33	5846	160	676	9328	0	66	3	77	6	15	43	2182	32	5993	190	721	9592	1	68	7	75	3	44	52	2254	44	6020	258	766	9867	0	64	10	71	5	43	55	2327	35	6179	288	790	10027	2	75	10	72	7	43	57	2412	40	6207	289	813	9841	2	79	10	72	5	47	67	2478	33	6000	289	759
"Goriška [prebivališèe]"	"Spol - SKUPAJ"	46685	10	285	10	151	14	22	32	3476	495	413	40791	986	45398	10	339	8	193	14	24	33	3472	478	417	39396	1014	44640	13	290	12	195	17	31	36	3728	414	384	38617	903	42814	10	320	14	186	11	33	36	3690	425	412	36876	801	42553	16	330	17	189	10	31	33	3601	411	381	36699	835	43265	18	348	21	200	4	32	41	3808	409	398	37090	896	43704	16	356	18	205	20	35	37	3863	410	405	37327	1012	45166	23	379	19	209	18	39	52	4003	453	436	38486	1049	46534	22	460	21	231	30	35	64	4192	464	401	39491	1123	47937	25	498	20	234	41	32	56	5257	515	435	39680	1144	48594	22	506	22	239	32	38	73	4510	566	455	40969	1162	47717	28	478	26	247	47	45	85	4848	616	470	39670	1157
"Goriška [prebivališèe]"	"Moški"	26115	5	143	3	103	9	13	17	2110	303	220	22590	599	25197	7	207	1	139	9	12	18	2109	280	232	21600	583	24447	9	148	3	146	12	18	22	2343	224	206	20825	491	23269	5	153	2	145	7	16	25	2309	244	215	19711	437	23172	10	146	8	147	6	16	21	2247	240	196	19674	461	23602	11	154	9	159	2	17	27	2358	246	214	19914	491	23915	10	157	6	152	14	18	22	2370	250	219	20138	559	24587	14	173	6	155	10	22	40	2426	267	223	20664	587	25386	15	195	6	166	17	19	51	2452	260	215	21366	624	26361	18	225	7	166	30	17	39	3195	299	228	21498	639	26791	17	250	9	173	21	19	54	2641	329	237	22378	663	26083	23	241	8	179	35	23	66	2677	367	241	21569	654
"Goriška [prebivališèe]"	"Ženske"	20570	5	142	7	48	5	9	15	1366	192	193	18201	387	20201	3	132	7	54	5	12	15	1363	198	185	17796	431	20193	4	142	9	49	5	13	14	1385	190	178	17792	412	19545	5	167	12	41	4	17	11	1381	181	197	17165	364	19381	6	184	9	42	4	15	12	1354	171	185	17025	374	19663	7	194	12	41	2	15	14	1450	163	184	17176	405	19789	6	199	12	53	6	17	15	1493	160	186	17189	453	20579	9	206	13	54	8	17	12	1577	186	213	17822	462	21148	7	265	15	65	13	16	13	1740	204	186	18125	499	21576	7	273	13	68	11	15	17	2062	216	207	18182	505	21803	5	256	13	66	11	19	19	1869	237	218	18591	499	21634	5	237	18	68	12	22	19	2171	249	229	18101	503
"Obalno-kraška [prebivališèe]"	"Spol - SKUPAJ"	45890	29	411	33	316	47	52	62	3743	183	606	1162	39246	44601	23	456	26	275	72	66	69	3622	175	623	1123	38071	44250	34	425	33	322	95	68	86	4170	199	523	1135	37160	42374	47	452	37	324	80	54	92	4246	220	498	1045	35279	41851	49	471	39	291	75	52	99	4255	225	502	1054	34739	42415	45	498	49	302	63	53	101	4332	229	594	1126	35023	43104	44	528	39	305	52	58	127	4363	221	610	1166	35591	44572	35	540	41	339	45	69	129	4540	228	630	1260	36716	46303	36	571	40	360	44	73	132	4850	242	666	1403	37886	47714	55	602	52	385	48	57	153	5530	276	675	1122	38759	48577	52	569	53	453	42	76	159	5694	278	666	1213	39322	47653	47	534	63	447	59	86	162	6372	318	670	1291	37604
"Obalno-kraška [prebivališèe]"	"Moški"	25997	21	181	28	236	14	30	43	2435	114	351	691	21853	24874	14	247	14	191	24	37	42	2223	97	354	654	20977	24576	21	205	16	230	33	35	51	2678	115	279	647	20266	23238	29	205	22	226	21	23	60	2652	129	270	596	19005	22880	33	203	25	193	22	25	67	2644	145	259	613	18651	23227	34	191	22	197	24	27	68	2670	133	309	666	18886	23561	38	214	18	208	28	30	86	2687	130	312	696	19114	24316	29	219	21	221	21	36	87	2726	143	331	759	19723	25180	28	219	21	226	23	41	88	2882	147	364	857	20284	26108	44	258	24	255	24	30	102	3398	170	369	633	20801	26632	41	249	26	287	17	46	105	3456	170	348	671	21216	25945	35	243	35	284	31	52	99	3675	181	354	735	20221
"Obalno-kraška [prebivališèe]"	"Ženske"	19893	8	230	5	80	33	22	19	1308	69	255	471	17393	19727	9	209	12	84	48	29	27	1399	78	269	469	17094	19674	13	220	17	92	62	33	35	1492	84	244	488	16894	19136	18	247	15	98	59	31	32	1594	91	228	449	16274	18971	16	268	14	98	53	27	32	1611	80	243	441	16088	19188	11	307	27	105	39	26	33	1662	96	285	460	16137	19543	6	314	21	97	24	28	41	1676	91	298	470	16477	20256	6	321	20	118	24	33	42	1814	85	299	501	16993	21123	8	352	19	134	21	32	44	1968	95	302	546	17602	21606	11	344	28	130	24	27	51	2132	106	306	489	17958	21945	11	320	27	166	25	30	54	2238	108	318	542	18106	21708	12	291	28	163	28	34	63	2697	137	316	556	17383
"Neznana statistièna regija prebivališèa"	"Spol - SKUPAJ"	6700	294	1042	58	757	33	256	561	1751	466	147	472	863	6361	300	1017	41	722	33	241	527	1620	371	137	450	902	5401	291	885	35	707	32	259	491	1251	257	117	372	704	4091	267	674	27	602	18	146	377	882	142	99	227	630	4029	248	654	22	628	19	139	344	882	124	73	270	626	4228	249	696	25	619	17	119	324	913	167	84	325	690	4463	241	791	30	573	18	122	317	988	149	87	353	794	4746	276	829	34	597	22	125	307	1136	147	98	354	821	5352	354	867	28	630	22	138	353	1325	194	98	424	919	6375	467	1253	32	758	17	184	457	1495	203	132	421	956	7216	558	1515	49	1020	16	238	637	1597	172	145	394	875	10786	646	2151	87	1594	26	410	707	2953	475	189	544	1004
"Neznana statistièna regija prebivališèa"	"Moški"	5647	250	932	45	618	25	235	392	1569	398	123	375	685	5320	242	911	32	577	24	223	371	1444	310	113	350	723	4464	226	778	28	563	22	238	363	1085	202	100	294	565	3332	213	607	21	488	13	124	264	739	112	84	162	505	3311	206	581	16	515	14	116	246	758	98	58	200	503	3472	214	632	19	506	12	98	230	774	141	66	230	550	3701	208	726	22	484	15	105	224	829	126	70	261	631	3950	235	763	25	508	20	112	217	969	125	82	270	624	4455	306	794	19	543	18	124	261	1138	166	86	328	672	5239	402	1141	24	617	15	160	336	1284	174	102	313	671	6022	490	1372	40	878	15	209	503	1316	156	113	307	623	9187	568	1958	69	1436	23	375	581	2467	430	142	422	716
"Neznana statistièna regija prebivališèa"	"Ženske"	1053	44	110	13	139	8	21	169	182	68	24	97	178	1041	58	106	9	145	9	18	156	176	61	24	100	179	937	65	107	7	144	10	21	128	166	55	17	78	139	759	54	67	6	114	5	22	113	143	30	15	65	125	718	42	73	6	113	5	23	98	124	26	15	70	123	756	35	64	6	113	5	21	94	139	26	18	95	140	762	33	65	8	89	3	17	93	159	23	17	92	163	796	41	66	9	89	2	13	90	167	22	16	84	197	897	48	73	9	87	4	14	92	187	28	12	96	247	1136	65	112	8	141	2	24	121	211	29	30	108	285	1194	68	143	9	142	1	29	134	281	16	32	87	252	1599	78	193	18	158	3	35	126	486	45	47	122	288
